NUMERO;PRODUTO;QUANTIDADE;TOTAL;COALESCE
001880;362602;78.000;248.640;0.000
001880;633907;25.000;248.640;0.000
001883;22201;3.000;22.350;0.000
001881;333333;2.000;10.580;0.000
001881;15302;2.000;8.980;0.000
001881;15223;2.000;3.580;0.000
001881;800207;2.000;13.380;0.000
001881;706247;2.000;7.780;0.000
001881;605490;2.000;9.300;0.000
001882;19832;7.000;55.930;0.000
001882;323200214;2.000;7.380;0.000
001882;422069;2.000;7.500;0.000
001882;236587;4.000;21.560;0.000
001882;633302;3.000;16.350;0.000
001882;633808;1.000;6.690;0.000
001882;12210;1.000;5.750;0.000
001882;633287;2.000;23.580;0.000
001882;633289;2.000;17.980;0.000
001882;19982;20.000;75.000;0.000
001909;362602;26.000;81.250;0.000
001912;000132;16.280;192.100;0.000
001912;2111505154;22.000;149.600;0.000
001912;7894;9.631;40.450;0.000
001912;12154545;8.429;18.450;0.000
001912;3262214;8.816;55.980;0.000
001912;8981;2.000;23.000;0.000
001912;000517;5.495;15.880;0.000
001900;215151;10.100;186.850;0.000
001900;86219;5.004;74.550;0.000
001901;996468477;12.000;65.880;0.000
001932;600501;2.000;11.980;0.000
001932;61151545;1.000;6.790;0.000
001932;606657;1.000;5.390;0.000
001932;515278;1.944;35.960;0.000
001932;000082;2.186;46.560;0.000
001932;000085;1.170;33.340;0.000
001932;232314041;15.184;318.690;0.000
001932;000080;0.932;18.540;0.000
001932;634518;3.000;42.750;0.000
001932;10899;1.000;2.950;0.000
001932;633975;1.000;3.990;0.000
001932;900313;2.000;15.580;0.000
001932;60022;1.000;12.390;0.000
001932;215125154;1.000;1.750;0.000
001932;571956;1.000;4.200;0.000
001932;097823;1.000;20.500;0.000
001932;19982;1.000;4.290;0.000
001932;78961112;1.000;7.690;0.000
001932;422427;1.000;7.690;0.000
001932;633565;4.000;48.800;0.000
001932;501336;2.000;14.900;0.000
001932;140245;2.000;11.700;0.000
001932;7896110081250;4.000;7.160;0.000
001932;013405;1.000;9.950;0.000
001932;400461;1.000;12.990;0.000
001932;000154;2.096;4.790;0.000
001932;000154;1.904;4.360;0.000
001932;000159;1.140;3.400;0.000
001932;000149;2.124;10.590;0.000
001932;000162;4.000;7.200;0.000
001932;807283;1.000;4.790;0.000
001932;423813;1.000;8.250;0.000
001944;11053;12.000;130.780;0.000
001959;231551545;1.000;13.950;0.000
001959;051338;2.000;8.300;0.000
001959;000149;2.789;15.330;0.000
001959;069007;6.000;62.100;0.000
001959;020614;3.000;17.370;0.000
001959;098639;3.000;12.600;0.000
001959;032325;1.000;13.790;0.000
001959;000159;0.923;2.750;0.000
001959;266899;2.000;12.780;0.000
001959;000070;5.020;49.200;0.000
001959;000154;1.368;3.420;0.000
001959;020669;2.000;11.580;0.000
001960;295304;2.000;18.580;0.000
001960;000162;2.000;3.600;0.000
001960;000160;1.421;4.390;0.000
001960;15716;2.000;13.980;0.000
001960;15691;2.000;12.400;0.000
001960;901556;1.000;5.090;0.000
001960;305078;2.000;5.980;0.000
001960;7897001050096;1.000;4.690;0.000
001960;633397;2.000;9.380;0.000
001960;7896110083254;2.000;3.580;0.000
001960;000149;1.598;10.380;0.000
001960;000154;1.629;3.730;0.000
001960;000159;1.365;4.080;0.000
001960;515278;1.260;23.310;0.000
001960;318938;1.000;3.350;0.000
001960;22176;2.000;8.580;0.000
001960;000126;1.000;5.590;0.000
001960;7898228062077;7.000;69.300;0.000
001960;060141;2.000;27.200;0.000
001960;22305;1.000;2.650;0.000
001960;900313;1.000;7.790;0.000
001960;16651;1.000;3.350;0.000
001960;000087;0.306;6.700;0.000
001960;241007;1.000;4.390;0.000
001960;012555;2.000;5.980;0.000
001960;822358;1.000;5.750;0.000
001960;000085;0.386;11.000;0.000
001977;634499;1.000;5.950;0.000
001977;000159;1.100;3.280;0.000
001977;000032;3.018;39.200;0.000
001977;000162;2.000;3.600;0.000
001977;000150;0.813;3.660;0.000
001977;000082;0.368;7.830;0.000
001977;633975;2.000;8.780;0.000
001977;096673;2.000;19.700;0.000
001977;000149;1.457;8.150;0.000
001977;000032;1.014;13.170;0.000
001977;000154;1.504;3.760;0.000
001977;000085;0.364;10.370;0.000
001977;7898228062114;21.000;307.650;0.000
001977;068949;14.000;189.000;0.000
001978;069007;4.000;41.400;0.000
001978;325151454;1.000;6.590;0.000
001978;32005154;0.036;0.860;0.000
001978;215687;2.000;3.180;0.000
001978;222476;1.000;5.250;0.000
001978;501740;2.000;6.300;0.000
001978;501726;2.000;6.300;0.000
001978;822358;1.000;5.750;0.000
001978;804115;1.000;11.590;0.000
001978;7896040704632;1.000;3.950;0.000
001978;704618;1.000;3.950;0.000
001978;10207;4.000;8.760;0.000
001978;15139;2.000;11.580;0.000
001978;22176;10.000;39.900;0.000
001978;000162;3.000;5.400;0.000
001978;000024;3.624;90.560;0.000
001978;000154;1.320;3.300;0.000
001978;000150;0.827;3.720;0.000
001978;000149;1.390;8.880;0.000
001978;008919;3.000;18.450;0.000
001978;15716;2.000;13.980;0.000
001978;15691;2.000;12.400;0.000
001978;101153;1.000;19.950;0.000
001978;110003;2.000;5.780;0.000
001978;266899;1.000;6.390;0.000
001978;500309;1.000;4.590;0.000
001978;841480;2.000;5.980;0.000
001978;000085;0.354;10.090;0.000
001978;000088;0.408;10.400;0.000
001978;515278;0.768;14.200;0.000
002001;231551545;1.000;13.950;0.000
002001;325151454;1.000;6.590;0.000
002002;231551545;1.000;13.950;0.000
002002;325151454;1.000;6.590;0.000
002002;100336;5.000;9.950;0.000
002002;909123;5.000;11.250;0.000
002002;78961112;5.000;46.250;0.000
002002;633293;3.000;25.470;0.000
002002;633301;3.000;15.750;0.000
002002;810045;2.000;10.380;0.000
002002;3302150111;2.000;6.980;0.000
002003;10875;35.000;104.650;0.000
002003;015190;11.811;77.950;0.000
002003;000070;4.138;38.880;0.000
002003;015451;4.000;26.000;0.000
002011;18383;10.000;54.900;0.000
002004;4556458;60.000;221.400;0.000
002004;015190;12.443;82.090;0.000
002015;633293;8.000;67.920;0.000
002015;633290;4.000;17.000;0.000
002035;600501;2.000;11.700;0.000
002035;457324;1.000;5.690;0.000
002035;405003;72.000;265.680;0.000
002052;603092;3.000;22.170;0.000
002052;4556458;72.000;265.680;0.000
002052;996468477;6.000;38.340;0.000
002052;501829;1.000;15.650;0.000
002075;4556458;60.000;221.400;0.000
002075;634499;1.000;5.850;0.000
002075;900011;1.000;2.590;0.000
002075;200205;4.000;27.000;0.000
002075;7768;12.000;18.600;0.000
002075;78936478;14.000;21.700;0.000
002091;15232;2.000;4.380;0.000
002091;634388;2.000;7.980;0.000
002091;15139;2.000;12.180;0.000
002091;231551545;2.000;29.780;0.000
002091;4556458;60.000;257.400;0.000
002091;266899;9.000;53.910;0.000
002091;000022;10.000;299.640;0.000
002091;900011;1.000;3.150;0.000
002091;635099;2.000;38.580;0.000
002091;200205;2.000;13.500;0.000
002091;501870;1.000;6.890;0.000
002091;066588;1.000;15.450;0.000
002115;231551545;1.000;14.890;0.000
002115;807283;6.000;29.940;0.000
002115;207076;8.000;10.000;0.000
002115;207113;12.000;15.000;0.000
002115;610017;48.000;210.720;0.000
002115;634499;1.000;5.590;0.000
002115;604334;1.000;7.690;0.000
002115;604334;3.000;23.070;0.000
002115;996468477;5.000;33.450;0.000
002115;633744;2.000;28.580;0.000
002115;207113;18.000;22.500;0.000
002115;4556458;48.000;191.520;0.000
002115;601813;5.000;16.950;0.000
002115;039061;3.000;38.970;0.000
002115;23212221;1.000;7.490;0.000
002111;032325;9.000;224.100;0.000
002111;22176;20.000;153.800;0.000
002111;22201;2.000;24.780;0.000
002111;266899;10.000;79.900;0.000
002111;422051;5.000;97.450;0.000
002111;633304;23.000;119.370;0.000
002124;200041;12.000;176.280;0.000
002124;22201;18.000;233.820;0.000
002124;362602;108.000;415.800;0.000
002124;22176;40.000;311.600;0.000
002124;86219;15.170;256.370;0.000
002124;069007;15.000;217.500;0.000
002124;200051;7.000;12.530;0.000
002124;000085;3.070;122.490;0.000
002124;359172;15.000;41.850;0.000
002124;299058;14.000;30.660;0.000
002124;12207;6.000;32.700;0.000
002124;15432;8.000;59.600;0.000
002124;631431;20.000;79.000;0.000
002124;021020;10.000;39.500;0.000
002124;4554847;8.000;89.600;0.000
002124;12207;4.000;21.800;0.000
002124;634471;6.000;38.340;0.000
002124;633818;3.000;19.170;0.000
002138;66946787;5.000;37.950;0.000
002138;362602;60.000;237.000;0.000
002138;200073;5.000;41.950;0.000
002138;633293;10.000;67.900;0.000
002138;231551545;1.000;14.890;0.000
002138;22578787;1.000;4.690;0.000
002138;600501;1.000;5.850;0.000
002138;15139;1.000;6.090;0.000
002138;457195;1.000;5.690;0.000
002138;221581;1.000;8.150;0.000
002150;201032;54.000;579.530;0.000
002150;000015;30.000;173.700;0.000
002177;011995;2.000;24.700;0.000
002178;12154545;50.370;138.520;0.000
002178;3262214;27.040;270.120;0.000
002178;000517;34.350;119.890;0.000
002170;4556458;60.000;239.400;0.000
002170;22176;10.000;74.900;0.000
002170;015167;10.000;33.500;0.000
002170;016215;5.000;38.950;0.000
002170;633949;5.000;11.750;0.000
002170;33260544;5.000;45.750;0.000
002170;631373;4.000;7.160;0.000
002170;1130515454;5.000;12.450;0.000
002170;633289;5.000;64.450;0.000
002170;60022;5.000;99.750;0.000
002170;3302150111;5.000;17.950;0.000
002170;830524;10.000;32.900;0.000
002170;880012;10.000;79.900;0.000
002171;000050;3.142;50.240;0.000
002171;996468477;10.000;65.900;0.000
002171;66946787;3.000;22.950;0.000
002171;15721;2.000;13.180;0.000
002171;15716;3.000;22.350;0.000
002171;231551545;1.000;15.790;0.000
002171;604358;3.000;24.450;0.000
002171;634499;1.000;5.950;0.000
002188;22305;6.000;20.700;0.000
002188;900313;6.000;53.340;0.000
002188;22176;3.000;22.170;0.000
002188;830524;6.000;19.140;0.000
002188;305078;60.000;239.400;0.000
002189;604341;4.000;32.600;0.000
002225;22176;2.000;15.180;0.000
002225;910018;1.000;1.990;0.000
002225;300500;1.000;7.790;0.000
002225;635081;2.000;3.380;0.000
002225;633290;1.000;5.290;0.000
002225;633289;3.000;39.600;0.000
002225;60020;1.000;23.490;0.000
002225;633293;12.000;106.680;0.000
002225;10875;13.000;49.270;0.000
002225;1130515454;6.000;14.940;0.000
002225;33260544;1.000;9.750;0.000
002225;151212415;1.000;9.690;0.000
002217;200073;5.000;42.950;0.000
002217;12207;5.000;27.250;0.000
002217;151212415;5.000;48.450;0.000
002217;410064;5.000;17.950;0.000
002217;633290;5.000;26.450;0.000
002217;22176;10.000;75.900;0.000
002217;631373;5.000;9.950;0.000
002217;10875;10.000;37.900;0.000
002217;032325;5.000;124.450;0.000
002217;900313;10.000;83.900;0.000
002217;633304;8.000;42.320;0.000
002217;633301;2.000;10.580;0.000
002217;44952;60.000;231.000;0.000
002218;000070;5.138;64.170;0.000
002218;332021544;2.000;9.380;0.000
002218;300080;4.000;15.400;0.000
002218;11073;1.000;10.950;0.000
002218;000126;1.000;6.690;0.000
002218;635081;10.000;16.900;0.000
002218;7896110081250;2.000;3.780;0.000
002218;030072;2.000;12.700;0.000
002218;15716;1.000;6.290;0.000
002218;231551545;1.000;15.790;0.000
002218;10875;1.000;3.790;0.000
002218;225105487;2.000;7.980;0.000
002218;12738;1.000;5.390;0.000
002218;632434;1.000;2.590;0.000
002218;011995;1.000;12.350;0.000
002218;601449;1.000;7.750;0.000
002218;604341;4.000;32.600;0.000
002218;635081;2.000;3.380;0.000
002218;305553;1.000;5.990;0.000
002218;014494;1.000;2.790;0.000
002218;516569;2.000;6.580;0.000
002226;362602;60.000;227.400;0.000
002226;10875;2.000;7.380;0.000
002226;910018;1.000;1.990;0.000
002226;410064;1.000;3.590;0.000
002226;206338;2.000;3.180;0.000
002226;22176;2.000;14.300;0.000
002226;633293;2.000;17.780;0.000
002226;633291;1.000;4.590;0.000
002226;633289;1.000;13.650;0.000
002226;290705;1.000;8.990;0.000
002226;300500;1.000;7.790;0.000
002226;710052;1.000;22.900;0.000
002227;457850;1.000;5.690;0.000
002227;222476;1.000;4.990;0.000
002227;066571;1.000;7.990;0.000
002227;101478;1.000;5.990;0.000
002227;605490;1.000;4.890;0.000
002227;859173;3.000;92.970;0.000
002227;4556458;12.000;43.080;0.000
002227;22176;1.000;6.990;0.000
002227;10833;1.000;6.490;0.000
002227;631373;1.000;1.990;0.000
002227;633290;1.000;5.290;0.000
002227;633304;1.000;5.290;0.000
002227;10875;1.000;3.690;0.000
002227;10899;1.000;3.350;0.000
002227;900023;1.000;4.350;0.000
002227;10833;1.000;6.490;0.000
002227;633293;2.000;17.780;0.000
002234;020614;4.000;23.560;0.000
002234;020690;2.000;11.780;0.000
002234;010074;2.000;10.580;0.000
002234;000126;1.000;7.990;0.000
002234;22176;1.000;6.990;0.000
002234;4554545;1.000;5.100;0.000
002234;362602;12.000;45.480;0.000
002234;22294;1.000;6.190;0.000
002234;020706;4.000;23.560;0.000
002234;020676;1.000;5.890;0.000
002234;7898904874017;2.000;10.100;0.000
002234;634503;2.000;10.100;0.000
002234;362602;12.000;45.480;0.000
002234;518809;3.000;17.070;0.000
002234;822334;1.000;4.650;0.000
002234;16644;1.000;6.990;0.000
002234;010081;2.000;10.580;0.000
002234;22294;1.000;6.190;0.000
002234;7898904874017;2.000;10.100;0.000
002234;016215;2.000;17.780;0.000
002234;22294;1.000;6.190;0.000
002234;020713;3.000;17.670;0.000
002234;020669;4.000;23.560;0.000
002234;020614;3.000;17.670;0.000
002234;16651;1.000;4.200;0.000
002234;020676;1.000;5.890;0.000
002234;010081;5.000;26.450;0.000
002234;22176;3.000;22.770;0.000
002234;362602;12.000;50.400;0.000
002234;057613;5.000;26.500;0.000
002234;000126;2.000;13.380;0.000
002234;362602;24.000;100.800;0.000
002234;200041;1.000;14.690;0.000
002234;010081;5.000;26.450;0.000
002234;000126;2.000;13.380;0.000
002234;020614;24.000;141.360;0.000
002234;020669;24.000;141.360;0.000
002234;020690;24.000;141.360;0.000
002234;000126;2.000;13.380;0.000
002234;634503;5.000;25.250;0.000
002234;518854;10.000;59.900;0.000
002234;000126;1.000;6.690;0.000
002234;634503;4.000;20.200;0.000
002234;7898904874017;4.000;20.200;0.000
002234;000126;2.000;13.380;0.000
002234;634499;5.000;27.950;0.000
002234;362602;12.000;50.400;0.000
002234;904664;1.000;14.250;0.000
002234;600716;1.000;17.250;0.000
002241;231551545;1.000;15.490;0.000
002241;634499;1.000;6.290;0.000
002241;604334;5.000;40.750;0.000
002235;000126;1.000;6.690;0.000
002235;7898904874017;3.000;15.150;0.000
002235;22621205;1.000;4.200;0.000
002235;010074;1.000;5.290;0.000
002235;010081;1.000;5.290;0.000
002235;000126;2.000;15.980;0.000
002242;362602;72.000;277.200;0.000
002242;635081;4.000;5.560;0.000
002242;12210;2.000;11.900;0.000
002242;33260544;2.000;19.900;0.000
002242;266899;2.000;17.780;0.000
002242;22305;7.000;24.430;0.000
002242;633301;3.000;15.870;0.000
002242;231551545;1.000;15.790;0.000
002242;22176;9.000;68.310;0.000
002242;634499;1.000;6.290;0.000
002242;633287;1.000;22.900;0.000
002242;633290;3.000;16.770;0.000
002242;266899;3.000;26.670;0.000
002236;020614;4.000;23.560;0.000
002236;020690;2.000;11.780;0.000
002236;010074;2.000;10.580;0.000
002236;000126;1.000;7.990;0.000
002236;22176;1.000;6.990;0.000
002236;4554545;1.000;5.100;0.000
002236;362602;12.000;45.480;0.000
002236;22294;1.000;6.190;0.000
002236;020706;4.000;23.560;0.000
002236;020676;1.000;5.890;0.000
002236;7898904874017;2.000;10.100;0.000
002236;634503;2.000;10.100;0.000
002236;362602;12.000;45.480;0.000
002236;518809;3.000;17.070;0.000
002236;822334;1.000;4.650;0.000
002236;16644;1.000;6.990;0.000
002236;010081;2.000;10.580;0.000
002236;22294;1.000;6.190;0.000
002236;7898904874017;2.000;10.100;0.000
002236;016215;2.000;17.780;0.000
002236;22294;1.000;6.190;0.000
002236;020713;3.000;17.670;0.000
002236;020669;4.000;23.560;0.000
002236;020614;3.000;17.670;0.000
002236;16651;1.000;4.200;0.000
002236;020676;1.000;5.890;0.000
002236;010081;5.000;26.450;0.000
002236;22176;3.000;22.770;0.000
002236;362602;12.000;50.400;0.000
002236;057613;5.000;26.500;0.000
002236;000126;2.000;13.380;0.000
002236;362602;24.000;100.800;0.000
002236;200041;1.000;14.690;0.000
002236;010081;5.000;26.450;0.000
002236;000126;3.000;20.070;0.000
002236;020614;24.000;141.360;0.000
002236;020669;24.000;141.360;0.000
002236;020690;24.000;141.360;0.000
002236;000126;2.000;13.380;0.000
002236;634503;5.000;25.250;0.000
002236;518854;10.000;59.900;0.000
002236;000126;1.000;6.690;0.000
002236;634503;4.000;20.200;0.000
002236;7898904874017;4.000;20.200;0.000
002236;000126;2.000;13.380;0.000
002236;634499;5.000;27.950;0.000
002236;362602;12.000;50.400;0.000
002236;904664;1.000;14.250;0.000
002236;600716;1.000;17.250;0.000
002236;7898904874017;3.000;15.150;0.000
002236;22621205;1.000;4.200;0.000
002236;010074;1.000;5.290;0.000
002236;010081;1.000;5.290;0.000
002236;000126;2.000;15.980;0.000
002270;22176;20.000;157.800;0.000
002270;10899;1.000;3.990;0.000
002270;633290;6.000;33.540;0.000
002270;310547;4.000;31.160;0.000
002271;453793;2.000;19.580;0.000
002271;450057;3.000;29.370;0.000
002271;459429;1.000;9.790;0.000
002271;454844;1.000;9.790;0.000
002271;604334;3.000;24.450;0.000
002271;604341;1.000;8.150;0.000
002273;266899;3.000;26.550;0.000
002273;906269;3.000;16.350;0.000
002273;630860;6.000;9.540;0.000
002273;016215;3.000;26.850;0.000
002273;22176;3.000;23.670;0.000
002273;33260544;3.000;29.850;0.000
002273;633293;7.000;53.830;0.000
002273;634499;1.000;6.590;0.000
002273;036083;18.000;24.300;0.000
002273;510419;2.000;3.980;0.000
002273;510402;16.000;31.840;0.000
002287;22176;7.000;53.130;0.000
002287;290705;2.000;17.980;0.000
002287;10875;3.000;11.670;0.000
002287;633949;3.000;5.970;0.000
002287;10899;1.000;3.990;0.000
002287;633293;11.000;84.590;0.000
002287;11272;4.000;21.960;0.000
002288;634503;1.000;5.290;0.000
002288;7896855907501;2.000;29.900;0.000
002288;604327;2.000;15.380;0.000
002288;604341;1.000;8.150;0.000
002288;21859;1.000;8.950;0.000
002288;15139;2.000;13.780;0.000
002288;15223;1.000;2.200;0.000
002288;800207;2.000;15.980;0.000
002288;457195;1.000;6.200;0.000
002288;401549;1.000;6.150;0.000
002312;000085;1.324;60.770;0.000
002312;000029;6.085;141.170;0.000
002312;000080;0.730;19.710;0.000
002312;515278;1.046;28.030;0.000
002312;900306;2.000;16.300;0.000
002312;901556;3.000;17.670;0.000
002312;634518;1.000;14.990;0.000
002312;006631;1.000;18.450;0.000
002312;313804;10.000;13.900;0.000
002312;325151436;2.000;11.580;0.000
002312;996468477;5.000;38.950;0.000
002312;231551545;1.000;15.450;0.000
002332;900306;2.000;16.300;0.000
002332;290989;1.000;7.490;0.000
002332;266899;7.000;59.850;0.000
002332;633291;2.000;11.180;0.000
002332;633287;1.000;20.900;0.000
002332;080390;1.000;3.450;0.000
002332;22201;4.000;71.960;0.000
002333;13931;16.000;46.240;0.000
002333;117486;50.000;89.500;0.000
002333;029498;20.000;35.800;0.000
002333;66946787;6.000;47.700;0.000
002334;11272;2.000;11.400;0.000
002334;22176;6.000;50.340;0.000
002334;310547;2.000;19.900;0.000
002334;633291;2.000;11.180;0.000
002334;290705;2.000;17.980;0.000
002334;236587;4.000;33.560;0.000
002334;910556;2.000;18.400;0.000
002334;635081;2.000;2.580;0.000
002334;10875;5.000;19.950;0.000
002334;700119;1.000;18.990;0.000
002355;012830;3.000;36.870;0.000
002355;86219;5.030;80.460;0.000
002355;000027;16.940;489.570;0.000
002355;7898904874017;1.000;5.490;0.000
002355;231551545;1.000;15.450;0.000
002355;332021544;1.000;5.790;0.000
002355;863076;3.000;22.050;0.000
002355;0326555;2.000;7.580;0.000
002355;633291;2.000;11.180;0.000
002355;631373;1.000;1.990;0.000
002355;633293;4.000;31.800;0.000
002355;882071;3.000;51.100;0.000
002355;60020;3.000;62.550;0.000
002355;11192;1.000;4.190;0.000
002355;22305;4.000;15.960;0.000
002355;290989;3.000;22.470;0.000
002356;000070;5.010;82.730;0.000
002356;000159;0.660;2.000;0.000
002356;000149;1.680;11.740;0.000
002356;000154;0.910;2.730;0.000
002356;634897;9.000;170.100;0.000
002356;000085;0.670;30.840;0.000
002356;900122;2.000;8.200;0.000
002356;7898226870155;1.000;5.090;0.000
002356;359172;8.000;27.600;0.000
002356;16644;2.000;17.980;0.000
002356;020669;1.000;3.990;0.000
002356;020614;1.000;3.990;0.000
002356;020669;1.000;3.990;0.000
002356;7349;1.000;7.950;0.000
002356;7896030;2.000;13.980;0.000
002356;145322;5.000;16.250;0.000
002356;414011;12.000;45.480;0.000
002356;900122;2.000;8.200;0.000
002356;414417;1.000;5.790;0.000
002356;322789;2.000;11.980;0.000
002356;30033212;1.000;4.750;0.000
002356;633435;4.000;18.360;0.000
002356;115278;1.000;13.450;0.000
002356;630773;1.000;7.290;0.000
002356;802490;8.000;13.200;0.000
002356;005550;0.930;25.230;0.000
002357;11272;3.000;17.670;0.000
002357;22305;5.000;19.950;0.000
002357;290989;3.000;22.470;0.000
002357;22176;5.000;39.950;0.000
002382;991371;15.000;82.350;0.000
002382;011995;2.000;27.980;0.000
002382;13316;1.000;41.600;0.000
002382;019854;1.000;9.200;0.000
002382;404826;1.000;9.390;0.000
002382;602972;1.000;9.450;0.000
002382;882071;1.000;17.990;0.000
002382;900306;2.000;17.980;0.000
002382;60020;3.000;58.770;0.000
002382;634499;1.000;6.790;0.000
002382;231551545;1.000;15.450;0.000
002382;290989;2.000;14.980;0.000
002382;290699;1.000;7.650;0.000
002382;290705;2.000;15.300;0.000
002382;631373;4.000;7.960;0.000
002382;633289;1.000;18.390;0.000
002382;19832;1.000;11.990;0.000
002382;22176;6.000;50.940;0.000
002382;633291;3.000;16.770;0.000
002382;22305;7.000;27.930;0.000
002382;807283;2.000;10.900;0.000
002382;114003;2.000;23.580;0.000
002382;807399;2.000;10.900;0.000
002382;114812;1.000;4.950;0.000
002382;166330;2.000;9.900;0.000
002382;600056;6.000;28.140;0.000
002382;029911;1.000;13.390;0.000
002382;116670;1.000;4.950;0.000
002383;882071;1.000;17.990;0.000
002383;900306;2.000;17.980;0.000
002383;60020;3.000;58.770;0.000
002383;634499;1.000;6.790;0.000
002383;231551545;1.000;15.450;0.000
002383;290989;2.000;14.980;0.000
002383;290699;1.000;7.650;0.000
002383;290705;2.000;15.300;0.000
002383;631373;4.000;7.960;0.000
002383;633289;1.000;18.390;0.000
002383;19832;1.000;11.990;0.000
002383;633291;3.000;16.770;0.000
002383;22176;6.000;50.940;0.000
002383;22305;7.000;27.930;0.000
002383;600056;6.000;28.140;0.000
002383;029911;1.000;13.390;0.000
002393;069007;8.000;94.400;0.000
002384;991371;15.000;82.350;0.000
002384;011995;2.000;27.980;0.000
002384;13316;1.000;41.600;0.000
002384;019854;1.000;9.200;0.000
002384;404826;1.000;9.390;0.000
002384;602972;1.000;9.450;0.000
002384;807283;2.000;10.900;0.000
002384;114003;2.000;23.580;0.000
002384;807399;2.000;10.900;0.000
002384;116670;1.000;4.950;0.000
002384;114812;1.000;4.950;0.000
002384;166330;2.000;9.900;0.000
002394;080049;3.000;18.450;0.000
002394;15139;1.000;7.390;0.000
002394;898989;1.000;4.190;0.000
002394;118117;1.000;6.390;0.000
002394;822259;2.000;3.780;0.000
002394;822297;2.000;7.180;0.000
002394;822108;4.000;6.760;0.000
002394;800207;2.000;15.980;0.000
002394;910556;5.000;46.000;0.000
002394;080390;1.000;3.150;0.000
002394;203456;54.000;388.800;0.000
002395;842212;15.179;212.360;0.000
002395;15716;24.000;158.160;0.000
002395;633744;2.000;34.980;0.000
002395;600056;4.000;18.760;0.000
002407;000149;2.140;13.710;0.000
002407;915307;1.000;10.650;0.000
002407;634411;1.000;2.990;0.000
002407;205577;6.000;17.940;0.000
002407;686869;3.000;9.870;0.000
002407;332021544;2.000;11.700;0.000
002407;500028;1.000;7.990;0.000
002407;145322;2.000;6.500;0.000
002407;822297;1.000;3.590;0.000
002407;822303;1.000;3.290;0.000
002407;822108;1.000;1.690;0.000
002407;797865;1.000;0.950;0.000
002407;060652;2.000;43.580;0.000
002407;15721;6.000;39.540;0.000
002407;300488;1.000;6.750;0.000
002408;016215;8.000;121.600;0.000
002408;22305;6.000;25.740;0.000
002408;11272;3.000;16.470;0.000
002408;633301;3.000;18.270;0.000
002408;290705;1.000;7.650;0.000
002408;290699;2.000;15.300;0.000
002408;633293;7.000;48.930;0.000
002408;633294;1.000;18.290;0.000
002409;16378;1.000;6.250;0.000
002409;215151;6.380;189.630;0.000
002409;000063;6.070;123.820;0.000
002409;047115;2.000;14.780;0.000
002409;863076;2.000;14.700;0.000
002409;000144;0.440;2.020;0.000
002409;011995;2.000;27.980;0.000
002409;060652;1.000;21.790;0.000
002410;516514;6.000;23.340;0.000
002410;22294;1.000;8.690;0.000
002410;632088;2.000;9.580;0.000
002410;241007;1.000;5.450;0.000
002410;2255554;1.000;7.490;0.000
002410;22176;2.000;17.980;0.000
002410;069007;2.000;23.600;0.000
002410;631373;1.000;1.990;0.000
002410;630860;4.000;7.160;0.000
002410;000149;1.610;10.330;0.000
002410;000154;1.600;3.180;0.000
002410;633958;1.000;5.650;0.000
002410;000070;5.030;82.990;0.000
002410;7349;1.000;7.690;0.000
002410;571956;2.000;13.700;0.000
002410;003018;1.000;5.590;0.000
002410;630860;2.000;3.580;0.000
002410;002868;1.000;5.590;0.000
002410;633293;2.000;13.380;0.000
002410;032325;1.000;18.650;0.000
002410;002882;1.000;5.590;0.000
002422;12154545;43.900;135.680;0.000
002422;000517;23.958;95.600;0.000
002422;4242;15.600;112.750;0.000
002422;3262214;27.220;163.040;0.000
002423;22305;11.000;50.050;0.000
002423;22176;11.000;103.290;0.000
002423;19832;8.000;123.920;0.000
002423;266899;3.000;24.870;0.000
002423;322999;2.000;8.180;0.000
002423;3302150111;1.000;5.790;0.000
002424;000024;1.030;36.350;0.000
002424;000055;5.237;104.230;0.000
002424;22176;4.000;35.960;0.000
002424;18941;1.000;8.750;0.000
002441;22176;2.000;17.980;0.000
002441;515278;3.060;79.560;0.000
002441;000080;0.910;25.930;0.000
002441;86219;10.160;188.060;0.000
002441;000082;0.330;7.840;0.000
002441;000085;0.368;14.170;0.000
002441;000154;6.490;19.410;0.000
002441;000150;2.781;18.830;0.000
002441;32005154;0.181;4.640;0.000
002441;000159;1.830;7.680;0.000
002441;620098;1.000;1.490;0.000
002441;826328;4.000;7.560;0.000
002441;900306;4.000;33.800;0.000
002441;800754;1.000;4.200;0.000
002441;800188;2.000;31.180;0.000
002441;633809;2.000;13.300;0.000
002441;332021544;4.000;23.400;0.000
002441;78961112;2.000;18.780;0.000
002441;300488;3.000;23.970;0.000
002441;0326555;3.000;11.370;0.000
002441;15139;2.000;13.980;0.000
002441;633808;2.000;14.780;0.000
002441;22294;1.000;8.250;0.000
002441;633294;2.000;35.700;0.000
002441;863076;6.000;44.100;0.000
002441;4556458;12.000;45.000;0.000
002441;12151555;1.000;6.590;0.000
002460;33260544;7.000;65.730;0.000
002460;633302;4.000;27.000;0.000
002460;633294;1.000;17.850;0.000
002460;015181;1.000;3.650;0.000
002460;11272;5.000;29.750;0.000
002460;602098;3.000;26.070;0.000
002460;22176;13.000;129.870;0.000
002460;013405;6.000;97.500;0.000
002460;633907;2.000;32.500;0.000
002480;11551;1.000;4.590;0.000
002480;11568;1.000;4.450;0.000
002480;206178;3.000;4.650;0.000
002480;310547;7.000;117.530;0.000
002480;422427;2.000;19.980;0.000
002480;78961112;1.000;9.990;0.000
002480;22176;2.000;19.980;0.000
002480;633293;2.000;18.400;0.000
002480;633291;2.000;12.700;0.000
002480;22294;4.000;33.960;0.000
002480;700140;8.000;38.320;0.000
002480;633331;2.000;7.980;0.000
002481;634518;3.000;44.970;0.000
002481;000159;0.790;4.350;0.000
002481;332021544;2.000;11.700;0.000
002481;7896292306424;6.000;14.940;0.000
002481;850070;3.000;4.950;0.000
002481;209544;6.000;17.700;0.000
002481;000070;5.060;88.660;0.000
002481;600501;2.000;15.100;0.000
002481;402322;1.000;7.200;0.000
002481;15139;2.000;14.400;0.000
002481;15223;2.000;4.980;0.000
002481;516569;2.000;8.700;0.000
002481;516514;2.000;8.700;0.000
002482;332021544;3.000;17.550;0.000
002482;900122;8.000;43.920;0.000
002482;909123;2.000;11.700;0.000
002482;516569;3.000;14.250;0.000
002482;516514;3.000;14.250;0.000
002487;365356;8.000;32.800;0.000
002487;332021544;2.000;11.700;0.000
002487;2225005;1.000;11.750;0.000
002488;571956;5.000;42.750;0.000
002488;22201;5.000;84.950;0.000
002488;900160;15.000;209.850;0.000
002488;7898904874017;10.000;67.900;0.000
002489;365356;8.000;32.800;0.000
002489;332021544;2.000;11.700;0.000
002489;2225005;1.000;11.750;0.000
002490;571956;5.000;42.750;0.000
002490;22201;5.000;84.950;0.000
002490;900160;15.000;209.850;0.000
002490;7898904874017;10.000;67.900;0.000
002491;662163;12.000;105.480;0.000
002491;822266;10.000;21.500;0.000
002491;822280;8.000;18.320;0.000
002491;940420;1.000;8.990;0.000
002491;605506;10.000;145.500;0.000
002491;407556;5.000;58.950;0.000
002491;826328;10.000;18.900;0.000
002491;105007;6.000;5.340;0.000
002491;607685;4.000;27.560;0.000
002491;634415;1.000;2.990;0.000
002491;601270;6.000;17.940;0.000
002491;930147;5.000;15.500;0.000
002491;226385;3.000;16.950;0.000
002491;040724;1.000;7.750;0.000
002491;2215144;2.000;17.300;0.000
002491;333338;2.000;17.300;0.000
002505;021079;4.000;43.400;0.000
002513;634499;10.000;78.500;0.000
002513;332021544;3.000;17.550;0.000
002514;564232;1.000;21.990;0.000
002514;535381;1.000;13.200;0.000
002514;040724;1.000;7.750;0.000
002514;822273;5.000;11.450;0.000
002514;13931;12.000;41.880;0.000
002514;218472;4.000;21.960;0.000
002514;333338;3.000;26.370;0.000
002514;535565;2.000;8.400;0.000
002506;206178;3.000;4.650;0.000
002506;300500;9.000;151.110;0.000
002506;290699;4.000;39.160;0.000
002506;3302150111;3.000;17.370;0.000
002506;200450;2.000;8.580;0.000
002506;633293;14.000;128.800;0.000
002506;22176;13.000;129.870;0.000
002506;633304;4.000;26.760;0.000
002507;601718;3.000;25.470;0.000
002507;100153;10.000;119.900;0.000
002507;33260544;4.000;39.960;0.000
002508;12768;4.000;26.760;0.000
002508;111125;2.000;18.380;0.000
002508;027013;1.000;8.850;0.000
002508;4556458;6.000;34.140;0.000
002508;038456;1.000;9.200;0.000
002508;10875;3.000;17.070;0.000
002508;12763;4.000;23.960;0.000
002508;632434;1.000;2.990;0.000
002508;11053;1.000;20.990;0.000
002508;12738;4.000;24.600;0.000
002508;7349;3.000;27.300;0.000
002520;013814;100.000;699.000;0.000
002520;117462;100.000;259.000;0.000
002520;151541544;100.000;355.000;0.000
002520;803004;50.000;149.500;0.000
002520;326221545;50.000;325.000;0.000
002520;134702;100.000;449.000;0.000
002520;008780;50.000;327.500;0.000
002520;147269;5.000;38.950;0.000
002520;011407;10.000;468.000;0.000
002520;905906;6.000;86.940;0.000
002520;013814;100.000;720.000;0.000
002520;303021;6.000;80.400;0.000
002509;222476;1.000;6.100;0.000
002509;826328;3.000;5.670;0.000
002509;600501;2.000;15.980;0.000
002509;940727;1.000;10.490;0.000
002509;940703;1.000;14.350;0.000
002544;822297;15.000;57.750;0.000
002545;7896030;5.000;32.250;0.000
002545;633872;5.000;19.750;0.000
002545;822334;3.000;16.770;0.000
002545;634411;1.000;3.590;0.000
002545;822297;2.000;7.700;0.000
002545;112376;5.000;79.950;0.000
002546;13931;16.000;55.840;0.000
002546;662163;3.000;26.550;0.000
002546;905906;2.000;28.980;0.000
002546;7896030;5.000;32.250;0.000
002546;145054;5.000;20.750;0.000
002546;22201;4.000;67.960;0.000
002547;004795;2.000;279.800;0.000
002562;86219;1.680;27.930;0.000
002562;600501;2.000;15.980;0.000
002562;049055;2.000;12.300;0.000
002562;402322;1.000;8.790;0.000
002562;15139;2.000;13.980;0.000
002562;221505;2.000;14.700;0.000
002562;600655;2.000;4.380;0.000
002562;634499;1.000;7.090;0.000
002562;231551545;1.000;15.390;0.000
002562;290989;9.000;104.310;0.000
002562;633290;3.000;19.650;0.000
002562;996468477;5.000;38.950;0.000
002548;822297;17.000;65.450;0.000
002548;822334;3.000;16.770;0.000
002548;13931;16.000;55.840;0.000
002548;662163;3.000;26.550;0.000
002548;905906;2.000;28.980;0.000
002549;7896030;10.000;64.500;0.000
002549;145054;5.000;20.750;0.000
002549;634411;1.000;3.590;0.000
002549;633872;5.000;19.750;0.000
002550;22201;4.000;67.960;0.000
002550;112376;5.000;79.950;0.000
002569;600655;14.000;30.660;0.000
002569;822266;32.000;76.480;0.000
002569;822273;13.000;31.070;0.000
002569;800709;15.000;284.850;0.000
002569;402322;7.000;61.530;0.000
002569;11352;5.000;7.250;0.000
002569;662163;4.000;35.400;0.000
002569;015453;4.000;47.000;0.000
002569;106158;2.000;17.380;0.000
002569;312589;6.000;41.940;0.000
002569;313166;4.000;27.960;0.000
002569;940642;1.000;12.790;0.000
002569;040724;1.000;7.750;0.000
002569;605483;4.000;13.960;0.000
002570;633289;6.000;106.740;0.000
002570;102471;12.000;184.680;0.000
002570;0111107;1.000;3.990;0.000
002570;066667;1.000;3.990;0.000
002570;000449;1.000;3.990;0.000
002570;099993;1.000;3.990;0.000
002570;055555;1.000;3.990;0.000
002571;332021544;4.000;23.400;0.000
002571;564232;1.000;21.990;0.000
002572;332021544;4.000;23.400;0.000
002572;720051;10.000;58.500;0.000
002572;564232;1.000;21.990;0.000
002584;332021544;6.000;35.100;0.000
002585;205737;3.000;13.050;0.000
002585;102471;10.000;153.900;0.000
002586;290989;7.000;81.130;0.000
002586;940703;2.000;28.700;0.000
002586;099988;3.000;9.750;0.000
002586;19982;1.000;8.690;0.000
002586;633291;4.000;25.400;0.000
002587;000162;2.000;6.000;0.000
002587;000070;1.300;22.000;0.000
002587;000149;1.200;7.240;0.000
002587;000149;0.630;3.220;0.000
002587;000159;1.230;10.380;0.000
002587;000076;1.830;34.240;0.000
002587;000085;0.550;27.130;0.000
002587;257885;6.000;91.200;0.000
002587;7896030;2.000;12.900;0.000
002587;16644;1.000;10.390;0.000
002587;7896110083254;3.000;6.750;0.000
002587;501872;2.000;4.100;0.000
002587;631813;1.000;4.790;0.000
002587;909123;5.000;28.950;0.000
002587;200073;1.000;17.590;0.000
002587;10875;1.000;5.690;0.000
002587;633435;3.000;16.170;0.000
002587;005550;0.420;10.220;0.000
002587;1212414;3.000;26.070;0.000
002587;900313;2.000;19.900;0.000
002587;032325;1.000;20.900;0.000
002587;4556458;12.000;71.880;0.000
002588;501872;4.000;8.200;0.000
002588;633294;1.000;20.290;0.000
002588;515278;1.150;28.500;0.000
002588;240024;1.000;4.990;0.000
002588;10662;1.000;5.200;0.000
002588;000159;0.710;6.440;0.000
002588;000025;3.780;105.570;0.000
002588;516569;2.000;9.100;0.000
002588;000149;1.170;7.500;0.000
002588;000142;0.320;2.830;0.000
002588;401067;2.000;14.980;0.000
002588;10875;2.000;11.380;0.000
002588;343719;2.000;6.180;0.000
002588;343702;2.000;7.380;0.000
002588;7349;2.000;19.180;0.000
002588;343702;2.000;7.380;0.000
002588;20221;1.000;62.490;0.000
002588;21162;3.000;20.070;0.000
002588;332021544;1.000;5.850;0.000
002588;000070;1.570;26.530;0.000
002588;002638;2.000;20.980;0.000
002599;093451;7.000;117.250;0.000
002599;15223;10.000;25.900;0.000
002599;066809;5.000;41.450;0.000
002599;15244;2.000;5.780;0.000
002599;605506;5.000;81.000;0.000
002599;662163;10.000;88.500;0.000
002599;313166;5.000;37.450;0.000
002599;915014;3.000;5.370;0.000
002599;940703;7.000;100.450;0.000
002599;940734;4.000;51.960;0.000
002599;940727;6.000;62.940;0.000
002600;112376;6.000;83.940;0.000
002600;633289;2.000;35.580;0.000
002600;000197;8.000;59.920;0.000
002605;036223;2.000;21.580;0.000
002605;036216;2.000;21.580;0.000
002605;313159;2.000;12.580;0.000
002605;800990;5.000;98.450;0.000
002605;600655;4.000;8.760;0.000
002605;07678;4.000;31.960;0.000
002605;15244;3.000;8.670;0.000
002605;605506;5.000;81.000;0.000
002605;662163;4.000;35.400;0.000
002605;300101;4.000;10.000;0.000
002605;226386;4.000;25.600;0.000
002606;020037;4.000;69.560;0.000
002607;7896030;7.000;45.150;0.000
002607;059507;4.000;25.160;0.000
002624;000159;0.470;5.680;0.000
002624;000150;1.540;5.870;0.000
002624;000150;1.250;4.760;0.000
002624;19982;1.000;8.690;0.000
002624;10018;1.000;5.290;0.000
002624;209544;3.000;9.870;0.000
002624;240024;1.000;4.990;0.000
002614;000049;2.790;44.110;0.000
002614;000049;10.600;168.400;0.000
002614;000049;1.900;30.120;0.000
002615;000027;10.500;304.890;0.000
002615;000027;8.730;252.290;0.000
002616;000077;5.070;88.860;0.000
002616;000077;10.100;177.970;0.000
002617;000080;2.070;61.300;0.000
002618;021116;10.000;56.900;0.000
002618;633290;6.000;40.140;0.000
002618;000149;6.830;47.760;0.000
002618;000159;4.450;48.970;0.000
002618;290699;4.000;46.360;0.000
002618;290989;2.000;23.180;0.000
002618;635081;1.000;1.850;0.000
002618;000149;1.120;7.870;0.000
002618;7896026;4.000;11.000;0.000
002618;332021544;9.000;52.650;0.000
002618;900011;1.000;4.290;0.000
002618;19982;1.000;8.690;0.000
002618;44546487;4.000;37.560;0.000
002618;32626115154;1.000;1.990;0.000
002618;903220;1.000;4.590;0.000
002618;32626115154;1.000;1.990;0.000
002618;572769;3.000;19.950;0.000
002618;902803;1.000;5.390;0.000
002618;902957;1.000;6.390;0.000
002618;633659;1.000;1.950;0.000
002618;572769;1.000;6.650;0.000
002618;120215415;1.000;7.590;0.000
002618;240024;1.000;4.990;0.000
002628;607692;5.000;39.950;0.000
002628;601256;9.000;26.910;0.000
002628;605483;9.000;34.110;0.000
002628;662163;7.000;58.730;0.000
002628;822266;5.000;11.950;0.000
002628;365455;4.000;45.560;0.000
002628;600655;12.000;26.280;0.000
002628;17657;1.000;16.950;0.000
002628;040724;1.000;7.750;0.000
002628;226386;5.000;32.000;0.000
002628;036216;2.000;21.980;0.000
002628;898989;1.000;5.150;0.000
002628;915014;6.000;10.740;0.000
002628;300038;4.000;29.560;0.000
002625;402322;1.000;8.790;0.000
002625;840543;1.000;12.790;0.000
002625;822280;2.000;4.780;0.000
002625;200051;1.000;2.690;0.000
002625;605490;1.000;6.850;0.000
002625;600501;1.000;7.990;0.000
002625;822273;1.000;2.390;0.000
002629;633289;4.000;73.800;0.000
002629;19832;7.000;114.030;0.000
002626;000070;2.870;48.500;0.000
002626;501872;6.000;12.300;0.000
002626;21162;4.000;26.760;0.000
002630;633873;3.000;12.870;0.000
002630;332021544;10.000;59.900;0.000
002639;1221241;4.000;61.230;0.000
002639;002638;3.000;31.470;0.000
002639;000070;1.630;26.060;0.000
002639;516514;2.000;9.100;0.000
002639;516569;4.000;18.200;0.000
002639;000076;2.820;58.970;0.000
002639;578484;1.030;27.860;0.000
002639;1221241;3.720;56.970;0.000
002639;185314;2.000;19.180;0.000
002639;33232313;1.000;4.490;0.000
002639;400213;3.000;14.070;0.000
002639;4554545;1.000;8.790;0.000
002639;410315;2.000;33.800;0.000
002639;22176;1.000;8.990;0.000
002639;000149;1.630;15.190;0.000
002639;000159;0.850;10.230;0.000
002639;700119;1.000;20.500;0.000
002639;501872;3.000;6.150;0.000
002639;200051;1.000;2.590;0.000
002639;080406;1.000;22.200;0.000
002640;100487;54.000;539.460;0.000
002641;15223;2.000;5.180;0.000
002641;15220;1.000;2.590;0.000
002641;07678;2.000;15.980;0.000
002641;600501;2.000;15.980;0.000
002641;605490;2.000;13.700;0.000
002641;025886;3.000;53.070;0.000
002651;0154545787;26.000;150.800;0.000
002651;12154545;20.800;70.680;0.000
002651;12154545;15.100;51.350;0.000
002651;3262214;10.700;125.900;0.000
002651;3262214;19.000;222.920;0.000
002651;000517;26.100;104.290;0.000
002656;633873;3.000;12.870;0.000
002656;332021544;10.000;59.900;0.000
002652;625488;10.000;82.000;0.000
002652;937516;11.000;63.100;0.000
002652;625464;13.000;64.350;0.000
002652;0010731;15.000;199.350;0.000
002652;905906;4.000;63.960;0.000
002652;991134;2.000;32.400;0.000
002652;301012;22.000;80.740;0.000
002652;600655;21.000;45.990;0.000
002652;15244;6.000;17.700;0.000
002652;662163;8.000;68.960;0.000
002652;605483;21.000;79.590;0.000
002652;607692;5.000;39.950;0.000
002652;604387;6.000;13.140;0.000
002652;822266;8.000;19.120;0.000
002652;07678;3.000;23.970;0.000
002652;822273;3.000;7.170;0.000
002652;008653;2.000;37.980;0.000
002652;201719;6.000;46.140;0.000
002652;11352;6.000;10.700;0.000
002653;332021544;13.000;77.870;0.000
002653;569757;1.000;112.000;0.000
002653;633872;3.000;13.050;0.000
002653;555223;1.000;29.900;0.000
002653;33656457;3.000;38.970;0.000
002653;564249;1.000;12.200;0.000
002653;145054;4.000;16.760;0.000
002653;176027;1.000;11.990;0.000
002653;7896030;3.000;19.350;0.000
002657;633289;4.000;73.800;0.000
002657;19832;7.000;114.030;0.000
002654;633289;4.000;73.800;0.000
002654;016215;6.000;97.500;0.000
002654;22201;1.000;18.590;0.000
002654;633909;2.000;35.180;0.000
002658;607692;5.000;39.950;0.000
002658;601256;9.000;26.910;0.000
002658;605483;9.000;34.110;0.000
002658;662163;7.000;58.730;0.000
002658;822266;5.000;11.950;0.000
002658;365455;4.000;45.560;0.000
002658;600655;12.000;26.280;0.000
002658;17657;1.000;16.950;0.000
002658;040724;1.000;7.750;0.000
002658;226386;5.000;32.000;0.000
002658;036216;2.000;21.980;0.000
002658;898989;1.000;5.150;0.000
002658;915014;6.000;10.740;0.000
002658;300038;4.000;29.560;0.000
002668;290989;4.000;46.360;0.000
002668;501872;1.000;2.190;0.000
002668;633291;1.000;6.490;0.000
002676;800860;11.000;216.590;0.000
002676;605483;28.000;106.120;0.000
002676;600204;35.000;104.650;0.000
002676;625464;28.000;138.600;0.000
002676;840420;14.000;138.460;0.000
002676;905906;4.000;63.960;0.000
002676;036193;1.000;10.990;0.000
002676;600204;2.000;5.980;0.000
002676;600655;8.000;17.520;0.000
002676;07678;2.000;15.980;0.000
002676;662163;12.000;100.680;0.000
002676;11215141;1.000;9.950;0.000
002676;625471;6.000;32.940;0.000
002676;625464;6.000;29.700;0.000
002676;0010731;4.000;53.160;0.000
002676;15244;4.000;11.800;0.000
002676;000551;3.000;16.770;0.000
002676;625488;11.000;60.390;0.000
002677;200073;10.000;175.900;0.000
002677;22201;9.000;164.250;0.000
002677;000197;4.000;29.960;0.000
002678;332021544;4.000;23.960;0.000
002678;200521;3.000;14.550;0.000
002669;7896030;10.000;64.500;0.000
002681;571956;4.000;36.800;0.000
002681;633289;4.000;71.960;0.000
002681;530001;240.000;444.000;0.000
002681;038456;12.000;101.400;0.000
002681;19832;12.000;196.680;0.000
002681;633873;8.000;38.320;0.000
002681;3326021512;12.000;75.000;0.000
002681;323200214;24.000;150.000;0.000
002681;990701;20.000;117.800;0.000
002681;7896030;12.000;77.400;0.000
002681;600655;10.000;21.900;0.000
002681;822266;40.000;91.600;0.000
002681;822273;40.000;102.000;0.000
002681;822280;40.000;102.000;0.000
002681;118823;30.000;64.500;0.000
002672;22201;30.000;509.700;0.000
002672;19832;20.000;325.000;0.000
002672;620098;20.000;37.800;0.000
002672;512523;6.000;64.500;0.000
002672;038456;12.000;104.280;0.000
002672;700492;7.000;115.430;0.000
002672;500530;10.000;43.900;0.000
002672;500608;13.000;51.870;0.000
002672;068949;25.000;455.000;0.000
002672;000133;2.328;25.580;0.000
002672;12154545;2.118;7.180;0.000
002672;000154;1.828;6.370;0.000
002672;32005154;1.048;26.090;0.000
002672;19832;4.000;65.000;0.000
002672;633290;3.000;20.070;0.000
002673;017904;1.000;15.790;0.000
002673;016419;1.000;15.790;0.000
002673;7897042005024;1.000;10.200;0.000
002673;162742;1.000;10.450;0.000
002696;021109;1.000;11.290;0.000
002696;702494;2.000;12.580;0.000
002696;634447;2.000;21.580;0.000
002696;021116;11.000;58.850;0.000
002697;000149;3.240;24.410;0.000
002697;000154;2.840;9.940;0.000
002697;000150;1.960;13.020;0.000
002697;332021544;6.000;35.940;0.000
002697;028931;1.000;5.200;0.000
002697;215687;1.000;3.290;0.000
002697;0326555;2.000;9.300;0.000
002697;600655;2.000;4.380;0.000
002697;11073;1.000;19.450;0.000
002697;185338;3.000;22.170;0.000
002697;12212;2.000;18.180;0.000
002697;822297;2.000;8.100;0.000
002697;000544;1.000;5.590;0.000
002697;633809;2.000;19.380;0.000
002697;12214;2.000;17.980;0.000
002697;633975;1.000;4.950;0.000
002697;400213;1.000;4.690;0.000
002697;633294;2.000;47.780;0.000
002697;600538;4.000;31.960;0.000
002697;000016;5.000;23.450;0.000
002703;703521;1.000;19.200;0.000
002703;212540;2.000;5.180;0.000
002703;218472;4.000;23.000;0.000
002703;822108;8.000;14.320;0.000
002703;15244;8.000;23.600;0.000
002703;11215141;1.000;9.950;0.000
002703;600204;6.000;17.940;0.000
002703;822280;12.000;30.600;0.000
002703;822273;6.000;15.300;0.000
002703;0010731;8.000;106.320;0.000
002703;662163;4.000;33.160;0.000
002703;226385;4.000;19.160;0.000
002703;036216;1.000;10.890;0.000
002703;07678;14.000;111.860;0.000
002703;419443;3.000;20.970;0.000
002703;822266;3.000;6.870;0.000
002703;799562;7.000;102.130;0.000
002703;605483;6.000;22.740;0.000
002698;21162;3.000;20.070;0.000
002698;000149;1.910;14.330;0.000
002698;145322;1.000;3.250;0.000
002698;934582;1.000;3.490;0.000
002698;000159;1.040;7.330;0.000
002698;7896030;3.000;19.350;0.000
002698;000076;5.070;100.970;0.000
002698;099544;2.000;4.580;0.000
002704;332021544;10.000;59.900;0.000
002704;633872;6.000;26.340;0.000
002705;200073;9.000;158.310;0.000
002705;633289;1.000;16.390;0.000
002699;007849;3.000;17.370;0.000
002699;000016;5.000;23.450;0.000
002699;633335;4.000;34.760;0.000
002699;020904;12.000;68.280;0.000
002699;730210;1.000;2.600;0.000
002699;086206;1.000;2.600;0.000
002699;236025;1.000;3.450;0.000
002700;007849;3.000;15.630;1.740
002700;000016;5.000;21.110;2.340
002700;633335;4.000;31.280;3.480
002700;020904;12.000;51.950;4.050
002700;730210;1.000;2.340;0.260
002700;086206;1.000;2.340;0.260
002700;236025;1.000;3.110;0.340
002701;000077;13.500;238.010;0.000
002701;432600;27.580;659.380;0.000
002711;863;15.000;315.000;0.000
002731;801225;12.000;160.680;0.000
002731;826328;13.000;23.270;0.000
002731;228401;4.000;5.800;0.000
002731;000551;1.000;5.590;0.000
002731;301012;13.000;50.050;0.000
002731;07678;2.000;15.980;0.000
002731;822310;15.000;62.850;0.000
002731;822280;3.000;7.650;0.000
002731;822303;18.000;75.420;0.000
002731;822266;17.000;38.930;0.000
002731;036209;1.000;10.890;0.000
002731;605483;6.000;22.740;0.000
002731;662163;4.000;33.160;0.000
002731;861044;1.000;11.390;0.000
002731;300101;1.000;2.500;0.000
002731;226385;1.000;4.790;0.000
002721;402322;2.000;17.980;0.000
002721;302436;2.000;14.980;0.000
002721;332021544;5.000;29.950;0.000
002721;15041;1.000;9.850;0.000
002721;826328;1.000;1.790;0.000
002721;304228;1.000;2.300;0.000
002722;020973;4.000;22.760;0.000
002722;021116;3.000;16.050;0.000
002722;020904;2.000;11.380;0.000
002722;020973;1.000;5.690;0.000
002732;7896030;10.000;64.500;0.000
002732;332021544;7.000;43.330;0.000
002732;720013;3.000;9.870;0.000
002732;020341;1.000;48.000;0.000
002732;710018;1.000;4.750;0.000
002732;7896110081250;4.000;10.600;0.000
002732;050344;2.000;14.380;0.000
002723;940703;2.000;28.700;0.000
002723;000159;2.130;13.330;0.000
002723;240024;1.000;5.490;0.000
002723;000149;2.760;20.700;0.000
002723;000154;4.350;15.240;0.000
002723;000149;1.590;11.930;0.000
002723;605506;1.000;16.200;0.000
002723;000162;3.000;11.400;0.000
002723;000142;0.690;5.560;0.000
002723;145322;3.000;9.750;0.000
002723;531008;1.000;1.950;0.000
002723;826328;1.000;1.790;0.000
002723;11551;3.000;16.470;0.000
002723;600538;3.000;23.970;0.000
002723;516316;10.000;45.500;0.000
002723;209544;6.000;24.540;0.000
002723;633976;1.000;4.950;0.000
002723;633294;1.000;23.750;0.000
002723;000150;1.910;14.340;0.000
002723;000049;16.400;262.230;0.000
002723;633958;1.000;5.990;0.000
002733;22201;4.000;77.960;0.000
002733;024445;2.000;8.900;0.000
002733;19832;7.000;114.730;0.000
002744;021109;5.000;56.450;0.000
002744;634513;2.000;11.600;0.000
002744;323569;4.000;23.560;0.000
002744;057613;1.000;7.590;0.000
002744;909123;2.000;12.180;0.000
002744;251539;1.000;4.200;0.000
002744;086428;2.000;5.780;0.000
002744;210600;1.000;11.390;0.000
002744;12154545;2.710;10.840;0.000
002744;4242;0.540;10.290;0.000
002744;7896030;5.000;32.250;0.000
002744;600259;1.000;7.990;0.000
002744;605490;1.000;6.890;0.000
002744;200128;1.000;9.390;0.000
002744;07678;1.000;7.990;0.000
002736;915399;21.000;1.047.900;0.000
002736;020021;29.000;1.737.100;0.000
002745;021130;1.000;8.290;0.000
002745;021109;2.000;22.580;0.000
002745;859173;1.000;45.950;0.000
002745;859180;1.000;45.950;0.000
002745;020560;1.000;8.290;0.000
002745;842428;2.000;19.780;0.000
002745;012830;3.000;43.170;0.000
002745;807399;5.000;36.000;0.000
002745;021109;5.000;56.450;0.000
002745;611076;1.000;17.990;0.000
002745;200303;1.000;18.890;0.000
002745;500286;1.000;6.690;0.000
002745;634499;1.000;8.300;0.000
002755;003452;22.000;32.780;0.000
002755;166152401;1.000;5.890;0.000
002755;002638;5.000;66.500;0.000
002755;038456;1.000;8.250;0.000
002755;11053;2.000;35.980;0.000
002755;452175;1.000;10.150;0.000
002755;383005;4.000;35.960;0.000
002755;7896110081250;2.000;5.300;0.000
002755;2221254;2.000;14.980;0.000
002755;015453;1.000;11.750;0.000
002755;531008;1.000;2.000;0.000
002755;10899;6.000;33.540;0.000
002755;362602;10.000;49.900;0.000
002755;599473;6.000;27.540;0.000
002755;3322055;6.000;27.900;0.000
002755;13093;1.000;6.990;0.000
002755;632434;2.000;7.780;0.000
002755;7896327501152;4.000;14.760;0.000
002755;960575;8.000;38.320;0.000
002755;632841;7.000;55.650;0.000
002755;12763;6.000;43.500;0.000
002755;027020;1.000;10.190;0.000
002756;840642;1.000;10.990;0.000
002756;801225;1.000;12.990;0.000
002756;800822;8.000;111.120;0.000
002756;605483;11.000;42.350;0.000
002756;07678;7.000;55.930;0.000
002756;086814;3.000;56.970;0.000
002756;086821;1.000;18.990;0.000
002756;066779;1.000;8.290;0.000
002756;904732;8.000;71.120;0.000
002756;905203;1.000;26.650;0.000
002756;822108;4.000;7.160;0.000
002756;826342;1.000;1.790;0.000
002756;801370;4.000;171.160;0.000
002756;800113;8.000;162.400;0.000
002756;704205;1.000;15.200;0.000
002756;399672;3.000;11.970;0.000
002756;399665;3.000;11.970;0.000
002756;399658;3.000;11.970;0.000
002756;822266;8.000;20.720;0.000
002756;822273;6.000;17.100;0.000
002756;822280;6.000;17.100;0.000
002756;600655;13.000;31.070;0.000
002756;601256;3.000;9.450;0.000
002756;510043;7.000;55.930;0.000
002756;095352;3.000;26.370;0.000
002756;712673;2.000;20.400;0.000
002756;662163;3.000;24.870;0.000
002756;325618;1.000;17.490;0.000
002756;30220120;1.000;9.950;0.000
002756;607876;1.000;6.550;0.000
002756;299614;2.000;12.900;0.000
002756;226385;1.000;4.790;0.000
002756;832690;1.000;1.790;0.000
002756;000551;2.000;11.180;0.000
002757;633872;4.000;17.560;0.000
002757;332021544;9.000;55.710;0.000
002757;7896030;4.000;25.800;0.000
002757;280492;2.000;20.580;0.000
002757;020341;2.000;96.000;0.000
002758;19832;6.000;95.940;0.000
002758;016215;4.000;63.960;0.000
002758;633289;4.000;79.160;0.000
002758;038456;3.000;24.750;0.000
002778;332202144;45.130;492.010;0.000
002778;10875;30.000;157.500;0.000
002778;332021544;12.000;74.280;0.000
002778;634499;2.000;16.600;0.000
002778;7898226870155;3.000;14.850;0.000
002778;10899;1.000;5.590;0.000
002778;3262215415;2.000;23.180;0.000
002778;414011;2.000;10.700;0.000
002778;574780;1.000;4.800;0.000
002778;19832;1.000;15.990;0.000
002778;251539;10.000;35.500;0.000
002778;000159;0.440;2.480;0.000
002778;516316;2.000;8.780;0.000
002778;000150;0.520;3.720;0.000
002778;000144;0.370;1.570;0.000
002778;000149;1.160;12.180;0.000
002778;019076;1.000;17.950;0.000
002778;000717;24.000;159.600;0.000
002778;605490;1.000;6.950;0.000
002778;607616;1.000;13.390;0.000
002778;510036;2.000;15.980;0.000
002778;22176;10.000;62.500;0.000
002778;456495;15.000;22.500;0.000
002774;000197;7.000;56.560;0.000
002774;16644;12.000;107.880;0.000
002774;633872;2.000;8.780;0.000
002774;10899;2.000;11.180;0.000
002774;530001;171.000;316.350;0.000
002774;633793;10.000;41.900;0.000
002774;424575;10.000;112.500;0.000
002774;633289;8.000;151.200;0.000
002774;396756;15.000;59.850;0.000
002774;822273;5.000;14.250;0.000
002774;396732;30.000;119.700;0.000
002774;396749;50.000;199.500;0.000
002774;215687;3.000;9.840;0.000
002774;200165;2.000;7.980;0.000
002774;016215;6.000;95.940;0.000
002774;421895;5.000;27.450;0.000
002774;633789;5.000;27.450;0.000
002774;931786;6.000;28.380;0.000
002774;280492;1.000;10.450;0.000
002774;987362;3.000;30.540;0.000
002774;18719;2.000;11.980;0.000
002780;012830;1.000;14.590;0.000
002780;404956;1.000;9.490;0.000
002780;404963;1.000;9.490;0.000
002780;025855;1.000;16.950;0.000
002780;120034;1.000;8.990;0.000
002780;405052;1.000;11.690;0.000
002780;604303;1.000;9.100;0.000
002780;063359;1.000;10.050;0.000
002780;063359;1.000;10.050;0.000
002780;063342;1.000;10.050;0.000
002780;339119;1.000;2.490;0.000
002780;302212;1.000;2.490;0.000
002780;056678;1.000;7.850;0.000
002780;056678;1.000;7.850;0.000
002780;241356;1.000;3.350;0.000
002780;241356;1.000;3.350;0.000
002780;819507;1.000;11.200;0.000
002780;878456648;1.000;3.850;0.000
002780;878456648;1.000;3.850;0.000
002780;056678;1.000;7.850;0.000
002780;12204;1.000;8.250;0.000
002780;423820;1.000;5.450;0.000
002780;426944;1.000;5.390;0.000
002780;12172;1.000;7.950;0.000
002780;036083;3.000;7.050;0.000
002780;036090;3.000;7.050;0.000
002780;200492;1.000;3.290;0.000
002780;200492;1.000;3.290;0.000
002780;990701;1.000;5.790;0.000
002780;990701;1.000;5.790;0.000
002780;12295;1.000;4.990;0.000
002780;12212;1.000;9.090;0.000
002780;12207;1.000;8.990;0.000
002780;12295;1.000;4.990;0.000
002780;634102;3.000;15.270;0.000
002780;634471;1.000;10.490;0.000
002780;634471;1.000;10.490;0.000
002780;633817;2.000;17.380;0.000
002780;070179;2.000;8.400;0.000
002780;056146;1.000;8.290;0.000
002770;30220120;2.000;19.900;0.000
002770;600101;1.000;2.650;0.000
002770;399641;6.000;21.540;0.000
002770;399658;26.000;93.340;0.000
002770;07678;10.000;69.900;0.000
002770;931786;11.000;52.690;0.000
002770;605483;36.000;132.840;0.000
002770;601256;35.000;110.250;0.000
002770;030081;25.000;212.250;0.000
002770;801225;6.000;77.940;0.000
002770;861051;4.000;45.560;0.000
002770;604387;12.000;28.680;0.000
002770;299614;1.000;6.450;0.000
002770;505684;4.000;19.960;0.000
002770;607692;2.000;13.980;0.000
002770;0010731;6.000;79.740;0.000
002770;013861;1.000;18.850;0.000
002770;702494;6.000;35.340;0.000
002770;930147;4.000;13.960;0.000
002770;396756;6.000;21.540;0.000
002770;399665;6.000;21.540;0.000
002770;822280;6.000;17.100;0.000
002771;332021544;13.000;80.470;0.000
002771;800754;2.000;8.980;0.000
002771;633872;4.000;17.560;0.000
002771;200165;1.000;3.990;0.000
002771;564249;1.000;12.390;0.000
002772;633289;3.000;52.050;0.000
002772;013405;7.000;114.030;0.000
002772;000197;2.000;15.700;0.000
002779;000012;3.520;11.630;0.000
002779;000154;1.630;6.530;0.000
002779;000160;3.460;30.060;0.000
002779;000142;1.890;16.530;0.000
002779;000150;1.270;7.630;0.000
002779;200076;2.000;10.500;0.000
002779;249871;3.000;7.170;0.000
002779;538500;4.000;25.160;0.000
002779;000724;3.000;19.950;0.000
002779;166152401;1.000;5.890;0.000
002779;10662;1.000;5.690;0.000
002779;000026;6.210;99.290;0.000
002779;000159;1.060;5.940;0.000
002779;000026;6.080;97.290;0.000
002779;000149;1.960;20.640;0.000
002779;600655;1.000;2.390;0.000
002779;22176;1.000;6.250;0.000
002795;200073;9.000;129.510;0.000
002795;000197;6.000;47.100;0.000
002795;7891098;4.000;17.160;0.000
002795;530001;73.000;135.050;0.000
002793;633793;10.000;41.900;0.000
002793;200051;2.000;5.180;0.000
002793;16644;5.000;42.950;0.000
002793;22201;3.000;55.170;0.000
002793;530001;96.000;177.600;0.000
002793;822280;10.000;28.500;0.000
002793;822303;25.000;106.250;0.000
002793;016215;7.000;108.530;0.000
002793;038456;6.000;49.500;0.000
002793;633289;4.000;73.560;0.000
002793;720020;1.000;3.290;0.000
002793;720013;1.000;3.290;0.000
002793;720051;6.000;34.740;0.000
002793;19832;3.000;47.370;0.000
002793;605483;2.000;7.700;0.000
002793;396749;6.000;23.940;0.000
002793;633872;2.000;8.780;0.000
002793;496350;1.000;14.790;0.000
002793;390051;1.000;12.490;0.000
002793;325595;1.000;17.490;0.000
002793;553407;1.000;17.490;0.000
002793;399658;4.000;15.960;0.000
002793;665564948;5.000;31.250;0.000
002793;633795;15.000;63.750;0.000
002793;118823;20.000;43.000;0.000
002793;690208;2.000;5.300;0.000
002793;106158;5.000;36.950;0.000
002796;633872;5.000;21.950;0.000
002796;720051;11.000;63.690;0.000
002796;050344;6.000;43.140;0.000
002796;720013;4.000;13.160;0.000
002796;720020;2.000;6.580;0.000
002796;926044;2.000;10.400;0.000
002796;318983;6.000;11.700;0.000
002796;7022263;4.000;14.360;0.000
002796;291475;1.000;3.690;0.000
002797;992371;8.000;119.920;0.000
002797;07678;9.000;71.910;0.000
002797;600655;10.000;23.900;0.000
002797;605483;14.000;53.900;0.000
002797;095352;2.000;18.580;0.000
002797;030081;1.000;9.240;0.000
002797;505684;7.000;34.930;0.000
002797;33236261;1.000;3.200;0.000
002797;222476;1.000;6.450;0.000
002797;564232;1.000;21.500;0.000
002797;940635;1.000;11.990;0.000
002797;399665;10.000;39.900;0.000
002797;607876;1.000;6.550;0.000
002797;11352;2.000;2.900;0.000
002797;930147;4.000;13.960;0.000
002797;106158;2.000;14.780;0.000
002797;399672;6.000;23.940;0.000
002797;396756;8.000;31.920;0.000
002797;396763;6.000;23.940;0.000
002798;992371;8.000;119.920;0.000
002798;07678;9.000;71.910;0.000
002798;600655;10.000;23.900;0.000
002798;605483;14.000;53.900;0.000
002798;095352;2.000;18.580;0.000
002798;030081;1.000;9.240;0.000
002798;505684;7.000;34.930;0.000
002798;33236261;1.000;3.200;0.000
002798;222476;1.000;6.450;0.000
002798;564232;1.000;21.500;0.000
002798;940635;1.000;11.990;0.000
002798;399665;10.000;39.900;0.000
002798;607876;1.000;6.550;0.000
002798;11352;2.000;2.900;0.000
002798;930147;4.000;13.960;0.000
002798;106158;2.000;14.780;0.000
002798;399672;6.000;23.940;0.000
002798;396756;8.000;31.920;0.000
002798;396763;6.000;23.940;0.000
002807;456495;30.000;45.000;0.000
002807;332202144;13.100;130.790;0.000
002807;332202144;9.010;89.640;0.000
002807;332202144;11.600;115.960;0.000
002808;432600;1.010;20.220;0.000
002808;432600;2.770;55.450;0.000
002808;097830;2.000;30.400;0.000
002808;251539;3.000;11.070;0.000
002808;10663;1.000;5.690;0.000
002808;10919;10.000;62.500;0.000
002808;600655;2.000;4.780;0.000
002808;10875;23.000;120.750;0.000
002808;000162;1.000;3.000;0.000
002809;12168;2.000;38.580;0.000
002809;205101;6.000;29.340;0.000
002809;516316;8.000;35.120;0.000
002809;516361;4.000;17.560;0.000
002809;7896110081250;8.000;21.200;0.000
002809;7349;4.000;47.560;0.000
002809;000070;5.040;78.600;0.000
002810;600655;3.000;7.170;0.000
002810;791346;12.880;74.780;0.000
002810;2232312;5.110;214.780;0.000
002810;515278;6.050;155.480;0.000
002810;12204;7.000;57.750;0.000
002810;456495;30.000;45.000;0.000
002810;000148;0.440;13.210;0.000
002810;633809;8.000;77.200;0.000
002830;332021544;10.000;61.900;0.000
002830;000159;0.960;5.210;0.000
002830;631988;1.000;5.290;0.000
002830;000149;2.920;25.740;0.000
002830;634499;1.000;8.300;0.000
002831;021079;5.000;61.450;0.000
002831;66946787;4.000;43.960;0.000
002831;996468477;4.000;43.960;0.000
002831;000149;1.530;13.790;0.000
002831;631988;2.000;10.580;0.000
002831;209544;3.000;12.870;0.000
002831;000076;5.330;106.220;0.000
002831;000085;0.240;12.280;0.000
002831;11000121;1.000;23.990;0.000
002831;633550;1.000;15.400;0.000
002831;634503;4.000;31.000;0.000
002831;21162;1.000;6.990;0.000
002831;21032;2.000;13.980;0.000
002832;600501;2.000;16.980;0.000
002832;800247;1.000;17.790;0.000
002859;851392;1.000;10.790;0.000
002859;709523;1.000;10.790;0.000
002859;021109;5.000;61.450;0.000
002859;021079;6.000;73.740;0.000
002857;096673;4.000;62.800;0.000
002857;000070;3.660;53.000;0.000
002857;22176;7.000;41.930;0.000
002857;000001;3.490;66.420;0.000
002857;241021;1.000;5.890;0.000
002857;231551545;1.000;16.590;0.000
002857;000082;0.410;11.960;0.000
002857;10875;30.000;157.500;0.000
002857;21032;4.000;27.960;0.000
002857;21162;4.000;27.960;0.000
002857;100809;2.000;11.380;0.000
002857;635081;6.000;11.100;0.000
002857;531008;4.000;8.000;0.000
002857;800990;1.000;20.990;0.000
002857;145322;1.000;3.250;0.000
002861;456495;16.000;24.000;0.000
002861;332202144;15.100;210.580;0.000
002861;332202144;15.400;214.750;0.000
002862;7349;1.000;9.800;0.000
002862;027013;1.000;9.990;0.000
002862;632841;2.000;14.000;0.000
002862;960544;1.000;2.890;0.000
002862;960575;5.000;22.250;0.000
002862;571724;1.000;1.350;0.000
002862;55655487;1.000;7.750;0.000
002862;10897;1.000;5.390;0.000
002862;014494;1.000;4.350;0.000
002862;009025;2.000;39.900;0.000
002862;332021544;1.000;6.190;0.000
002862;295304;2.000;27.300;0.000
002862;634497;6.000;45.300;0.000
002862;029002;1.000;22.450;0.000
002862;930043;1.000;12.990;0.000
002862;4556458;2.000;9.000;0.000
002877;633290;3.000;19.170;0.000
002877;633903;1.000;13.850;0.000
002877;000070;2.100;30.430;0.000
002877;501872;4.000;7.960;0.000
002877;607616;1.000;12.990;0.000
002877;600501;2.000;16.980;0.000
002877;029002;1.000;22.450;0.000
002877;720013;1.000;3.290;0.000
002877;000076;5.020;99.890;0.000
002884;400238;12.000;382.800;0.000
002884;633289;12.000;238.680;0.000
002884;633291;20.000;111.800;0.000
002884;22176;20.000;139.800;0.000
002884;633903;20.000;259.800;0.000
002884;620098;30.000;56.700;0.000
002884;362602;24.000;100.560;0.000
002884;633310;20.000;153.800;0.000
002884;008844;25.000;24.750;0.000
002884;10875;20.000;97.800;0.000
002884;236587;30.000;221.700;0.000
002884;635081;36.000;64.440;0.000
002884;205665;18.000;206.820;0.000
002884;546310;36.000;86.040;0.000
002886;720020;1.000;3.290;0.000
002886;7896327501152;2.000;6.980;0.000
002886;960575;2.000;6.980;0.000
002886;12768;1.000;5.990;0.000
002886;205101;3.000;15.300;0.000
002886;362602;1.000;3.990;0.000
002886;7896030;8.000;54.000;0.000
002886;102009;2.000;11.900;0.000
002886;7896026;1.000;2.990;0.000
002886;020973;6.000;34.500;0.000
002886;020904;6.000;34.500;0.000
002911;205658;54.000;620.460;0.000
002912;516323;3.000;13.170;0.000
002912;516361;8.000;35.120;0.000
002912;516330;4.000;17.560;0.000
002912;635081;9.000;16.740;0.000
002912;206550;2.000;5.780;0.000
002912;7896026;2.000;5.980;0.000
002912;215125154;1.000;2.490;0.000
002912;600587;2.000;4.780;0.000
002912;215687;1.000;3.290;0.000
002912;032325;1.000;32.900;0.000
002912;266899;3.000;23.970;0.000
002912;7898226870155;1.000;5.890;0.000
002912;22176;1.000;6.990;0.000
002912;633291;2.000;11.180;0.000
002912;000070;5.070;73.270;0.000
002912;000162;4.000;14.400;0.000
002912;000077;5.030;90.040;0.000
002912;000149;1.720;14.950;0.000
002912;000159;1.600;12.840;0.000
002912;069007;12.000;153.600;0.000
002943;000160;15.200;171.870;0.000
002943;578484;19.620;333.560;0.000
002943;996468477;10.000;109.900;0.000
002943;66946787;5.000;37.450;0.000
002953;12768;7.000;41.930;0.000
002953;7349;3.000;29.400;0.000
002953;002638;1.000;10.990;0.000
002953;632434;1.000;3.990;0.000
002953;12738;5.000;35.750;0.000
002953;10899;4.000;24.800;0.000
002944;11073;1.000;15.590;0.000
002944;633302;4.000;33.560;0.000
002944;602098;2.000;21.980;0.000
002944;633294;2.000;63.800;0.000
002944;020904;11.000;65.890;0.000
002944;290699;1.000;10.990;0.000
002944;633289;1.000;18.890;0.000
002944;634499;1.000;8.290;0.000
002944;22176;4.000;23.960;0.000
002944;4556458;12.000;53.880;0.000
